"","train","accuracy","error","F1"
"1",50,0.53322760535293,0.46677239464707,0.274578120198128
"2",60,0.537607161503069,0.462392838496931,0.291825217713058
"3",70,0.538817285394148,0.461182714605852,0.303195701716031
"4",80,0.531341765725006,0.468658234274994,0.305458057410852
"5",90,0.531201008995355,0.468798991004645,0.309399194837311
